Guitare,2010-12-12,2019-12-12,200.00,1.00,,1,32,1,1
Guitare,2010-02-10,2020-12-31,230.00,2.00,,1,45,1,65
Guitare Yamaha,2017-02-08,2018-10-31,100.00,3.00,,1,55,1,244
Guitare,2017-03-02,2020-12-12,85.00,1.00,,1,1,1,134
Guitare,2016-02-22,2021-12-31,500.00,2.00,,1,2,1,21
Guitare Sigma,2017-02-08,2020-11-11,400.00,1.00,,1,2,1,33
Guitare acoustique ,2017-03-10,,400.00,,Guitare presque pas utiliséée.,1,4,1,56
Guitare acoustique,2018-01-29,,100.00,,,1,56,1,214
Guitare acoustique Norman,2017-05-20,,120.00,,,1,77,1,53
Guitare,2017-03-03,,120.00,,,1,76,1,6
Guitare,2017-02-07,,300.00,,,1,88,1,24
Guitare,2017-03-25,,350.00,,,1,65,1,3
Guitare,2016-07-18,,"1000.00",,,1,44,1,66
Guitare électronique,2017-03-27,2020-06-07,200.00,1.00,,1,3,1,43
Guitare électronique,2017-03-28,2021-07-03,100.00,1.00,,1,4,1,55
Piano,2017-03-28,2022-06-04,250.00,2.00,,1,5,1,43
Piano à queue,2017-04-28,,500.00,,Clavier et piano tout neuf,1,3,1,212
Piano à bois,2017-11-03,,"1000.00",,,1,5,1,1
Piano,2017-11-18,2021-06-07,"2000.00",2.00,,1,5,1,33
Piano,2016-11-16,2022-07-03,200.00,2.00,,1,3,1,414
Piano,2017-10-13,2023-06-04,150.00,2.00,,1,60,1,65
Piano Yamaha,2013-09-14,,230.00,,,1,32,1,341
Piano électronique Yamaha,2015-09-15,,200.00,,,1,76,1,444
Flute,2014-04-13,2027-07-07,50.00,2.00,,1,44,1,434
Flute,2017-05-12,2020-12-12,20.00,2.00,,2,5,1,57
Flute traversière,2017-06-11,2019-01-06,10.00,1.00,,2,66,1,88
Flute traversière,2017-03-29,,50.00,,,2,77,1,87
Flute traversière,2016-02-02,,10.00,,,2,55,1,57
Saxophone,2015-05-05,,100.00,,,2,2,1,455
Saxophone Roy Benson,2015-09-04,,500.00,,,2,2,1,344
Trambone,2015-06-15,,500.00,,,1,4,1,13
Accordéon Wiener,2017-03-23,,200.00,,,2,4,1,9
Violoncelle 4/4,2015-04-13,2021-02-01,500.00,3.00,,1,5,1,90
Violon,2018-05-12,2025-01-01,"1500.00",5.00,,2,6,1,50
Violoncelle,2018-06-11,2020-01-01,"2000.00",4.00,,1,7,1,50
Violoncelle pour enfants,2018-03-29,2021-01-01,"1000.00",3.00,,2,4,1,300
Batterie,2017-02-02,2020-12-31,500.00,2.00,,1,5,1,344
Batterie électronique,2016-05-05,2021-12-31,"1000.00",2.00,,30,35,1,122
Batterie,2017-09-04,2019-12-31,"2000.00",1.00,,2,76,1,22
Batterie électronique,2016-06-15,2018-12-31,"1000.00",3.00,,2,56,1,323
Batterie pour enfants ,2018-03-23,2019-01-01,500.00,1.00,,1,78,1,76
Harmonica,2016-04-13,2020-01-01,20.00,1.00,,2,65,1,65
Harmonica,2017-05-12,,175.00,,,2,4,1,53
Harmonica,2018-06-11,,50.00,,,2,33,1,76
Balalaïka,2016-03-29,,300.00,,,1,45,1,76
Ukelele,2018-02-02,,150.00,,,1,6,1,66
Ukelele,2017-05-05,,500.00,,,1,7,1,54
Ukelele,2017-09-04,2022-02-02,400.00,1.00,,12,66,1,45
Logement appartement,2018-03-16,2019-03-16,,903.38,Petit appartement bien placé à louer pour un an.,12,90,2,19
Logement,2018-03-15,,"352267",,,,57,2,53
Logement,2018-01-16,,,783.52,,12,85,2,42
Maison à vendre,2018-03-03,,"892367",,Belle maison dans un cartier résidentiel calme et familial. ,,79,2,59
Logement,2018-04-08,2019-12-01,,677.22,,1,32,2,94
Logement,2018-02-13,,"402306",,,,75,2,51
Logement,2018-03-06,,,821.21,,,35,2,95
Logement,2018-04-11,,"318804",911.61,,,86,2,68
Logement,2018-01-09,,"570589",,,,19,2,80
Logement,2018-01-02,,,511.97,,24,11,2,75
Logement,2018-01-23,,"944068",,,,47,2,87
Logement,2018-04-02,,"960370",921.76,,,65,2,3
Logement,2018-04-02,,,710.59,,24,19,2,40
Logement,2018-02-03,,"438190",,,,67,2,85
Logement,2018-02-26,,,571.18,,12,82,2,65
Logement,2018-01-16,,"891172",630.17,,,12,2,42
Logement,2018-02-04,,"499143",,,,94,2,64
Logement,2018-01-12,,"684511",599.49,,,41,2,90
Logement,2018-02-21,,"948475",,,,25,2,25
Logement,2018-03-14,,"938973",665.35,,,53,2,54
Logement,2018-02-04,,"272650",545.57,,,7,2,28
Logement,2018-02-23,,"770731",,,,52,2,50
Logement,2018-01-30,2019-03-03,,785.82,,1,10,2,37
Logement,2018-04-06,,,703.35,,,65,2,11
Logement,2018-01-18,,"626952",728.61,,,33,2,75
Logement,2018-01-05,,"511479",,,,73,2,7
Logement,2018-03-04,,"566247",633.44,,,87,2,63
Logement,2018-02-21,,"860027",,,,60,2,20
Logement,2018-02-19,,"787235",826.26,,,49,2,73
Logement,2018-02-08,,"558394",,,,8,2,41
Logement,2018-01-25,,"332079",,,,28,2,42
Logement,2018-03-01,,"954924",693.49,,,61,2,40
Maison à vendre,2018-03-10,,"781151",,Nouvelle maison récemment renovée. Grande cuisine et un bon espace de salon. Contactez nous par courriel. ,,49,2,4
Logement,2018-02-05,,"900180",,,,37,2,57
Logement,2018-04-11,,"696300",,,,26,2,50
Logement,2018-01-09,,"641951",,,,16,2,3
Logement,2018-03-30,,,523.99,,,41,2,89
Logement,2018-01-13,,"915614",,,,29,2,100
Logement,2018-02-17,,"983490",,,,60,2,20
Logement,2018-01-29,,,966.41,,,34,2,31
Logement,2018-02-25,,,807.22,,,20,2,12
Logement,2018-04-06,,,549.12,,12,7,2,72
Logement,2018-02-27,,"946683",,,,53,2,26
Logement,2018-03-28,,"924177",728.26,,,70,2,13
Logement,2018-02-24,,"434223",,,,19,2,69
Logement,2018-02-15,,,797.51,,,33,2,72
Logement,2018-01-28,,,705.32,,12,88,2,67
Logement,2018-02-24,,"813253",853.98,,,20,2,74
Logement,2018-01-24,,"505604",,,,45,2,65
Logement,2018-02-27,,"862816",,,,31,2,90
Logement,2018-03-20,,"373262",740.61,,,9,2,64
Logement,2018-03-15,,,769.33,,24,51,2,41
Logement,2018-02-01,,"411723",,,,98,2,40
Logement,2018-02-27,,,860.06,,,64,2,66
Logement,2018-03-21,,,670.59,,,75,2,23
Logement,2018-01-08,,"441266",,,,93,2,50
Logement,2018-03-04,,"764164",976.61,,,36,2,16
Logement,2018-03-20,,"333269",513.18,,,85,2,34
Logement,2018-01-10,,"562359",,,,50,2,23
Logement,2018-04-11,,"888199",762.82,,,38,2,54
Logement,2018-01-11,,"453648",772.24,,4,100,2,88
Logement,2018-02-08,,"639827",,,,28,2,28
Logement,2018-01-30,,"889433",,,,39,2,58
Logement,2018-03-10,,"860552",,,,17,2,22
Logement,2018-01-01,,"539437",,,,54,2,26
Logement,2018-02-09,2019-03-09,,718.16,,1,13,2,85
Logement,2018-01-07,,"339937",,,,6,2,84
Appartement,2018-03-06,,,899.96,"Joli appartement avec une toilette par chambre, seulement pour environ 900 par mois. Ne manquez pas cette chance incroyable.",,97,2,35
Logement,2018-03-13,,,612.34,,,28,2,99
Logement,2018-02-07,2019-02-02,,623.68,,1,76,2,29
Logement,2018-02-23,,"655569",698.59,,,39,2,55
Logement,2018-04-11,,"521849",563.82,,,40,2,71
Logement,2018-03-06,,"751345",,,,48,2,36
Logement,2018-04-03,,"794557",528.10,,,27,2,22
Logement,2018-03-02,,,797.56,,,54,2,49
Logement,2018-03-22,,,934.35,,,54,2,40
Logement,2018-03-19,,"376161",,,,87,2,57
Logement,2018-03-13,,"912543",982.50,,,53,2,81
Logement,2018-04-09,,"436894",,,,26,2,89
Logement,2018-01-16,,"390901",650.81,,,70,2,83
Logement,2018-01-20,,"462539",,,,16,2,91
Logement,2018-02-06,,"726728",990.67,,,1,2,75
Logement,2018-03-07,,"967699",643.35,,,23,2,66
Logement,2018-01-31,,"434132",986.45,,,2,2,64
Logement,2018-01-21,,"436294",576.37,,12,32,2,88
Logement,2018-03-31,,"490738",704.52,,,26,2,5
Logement,2018-03-11,,"640248",,,,12,2,81
Logement,2018-03-15,,"410400",520.52,,,47,2,33
Logement,2018-01-10,,"962008",866.93,,12,66,2,80
Logement,2018-03-04,,"665001",713.03,,,21,2,21
Logement,2018-04-05,,,915.72,,,22,2,22
Logement,2018-02-13,,"526925",,,,72,2,50
Logement,2018-02-27,,"491595",819.23,,,5,2,27
Logement,2018-01-26,,"453390",601.38,,12,40,2,37
Logement,2018-03-04,,"368296",,,,39,2,91
Logement,2018-03-18,,"931543",,,,83,2,30
Logement,2018-01-23,,"353882",695.18,,,83,2,77
Logement,2018-03-21,2018-09-08,,807.81,,,53,2,18
Logement,2018-04-05,,"462465",835.13,,24,27,2,57
Logement,2018-02-19,,"419241",,,,67,2,51
Voiture,2018-03-04,,"51708.60",,Belle voiture manuelle vintage.,,123,3,103
Char,2017-09-01,,"14218.79",,,,131,3,127
Voiture de sport,2017-09-07,,"41035.87",,,,134,3,115
Voiture mini-van,2017-05-31,,"26113.86",,,,122,3,110
Voiture,2017-01-10,,"44381.48",,,,135,3,100
Voiture,2016-07-18,,"22991.32",,,,123,3,121
Char,2017-07-14,,"24539.99",,,,109,3,103
Voiture de sport,2017-07-10,,"31436.74",,,,122,3,122
Voiture mini-van,2018-01-14,,"78664.30",,,,115,3,110
Voiture,2017-10-19,,"75157.01",,Nouvelle voiture avec une couleur d'une édition limitée.,,149,3,113
Voiture,2017-06-17,,"31068.13",,,,106,3,128
Char,2017-11-25,,"47417.42",,,,131,3,128
Voiture de sport,2016-08-05,,"89856.98",,,,143,3,117
Voiture mini-van,2016-05-25,,"34955.56",,,,130,3,100
Voiture,2017-12-20,,"98853.70",,,,128,3,125
Voiture,2018-01-20,,"41418.00",,,,109,3,105
Char,2017-04-05,,"7858.59",,,,103,3,130
Voiture de sport,2017-04-08,,"21364.50",,,,119,3,118
Voiture mini-van,2017-03-18,,"16037.62",,,,100,3,122
Voiture,2017-10-21,,"47201.38",,,,127,3,123
Voiture,2016-09-07,,"36383.85",,,,129,3,119
Char,2017-02-04,,"4744.11",,,,116,3,117
Voiture de sport,2017-07-06,,"6732.16",,,,114,3,111
Voiture mini-van,2016-09-14,,"99173.05",,,,129,3,106
Voiture,2016-03-06,,"18389.57",,,,106,3,130
Voiture,2016-05-17,,"86145.48",,,,143,3,116
Char,2016-03-04,,"20229.91",,,,124,3,119
Voiture de sport,2017-05-15,,"48333.83",,,,127,3,105
Voiture mini-van,2016-04-17,,"26663.67",,,,141,3,101
Voiture,2016-12-27,2004-9-18,,259.53,,7,140,3,103
Voiture,2017-06-01,2005-7-18,,218.03,,7,128,3,129
Char,2017-04-09,2003-11-08,,244.66,,1,140,3,121
Voiture de sport,2017-06-22,2026-8-10,,59.99,,1,143,3,115
Voiture,2016-06-04,1930-8-12,,178.34,,1,123,3,123
Voiture,2017-03-14,2017-8-10,,260.36,,7,111,3,109
Voiture,2016-06-02,2002-9-1,"68878.78",132.70,"Location ou vente. Isuzu est une voiture exceptionnelle, toute neuve et absolument adorable. ",5,149,3,105
Voiture,2017-01-08,2028-9-1,"56785.56",282.46,,15,104,3,116
Voiture,2017-04-27,2020-8-9,"6986.30",239.00,,20,132,3,104
Voiture,2016-10-23,2026-9-2,"54704.51",145.86,,14,102,3,111
Voiture,2017-06-07,2013-8-6,"24337.61",128.69,,10,107,3,122
Voiture,2017-07-02,2005-8-10,"9314.07",86.18,,28,112,3,121
Voiture,2017-03-13,2027-8-11,"18339.18",220.73,,13,150,3,121
Voiture,2018-02-02,2029-9-1,"2447.84",195.08,,18,145,3,130
Voiture,2018-01-30,2011-8-11,"88808.27",101.30,,8,131,3,112
Voiture,2017-11-14,2012-9-1,"79389.81",112.50,,13,128,3,109
Voiture,2017-11-18,1930-8-8,"47136.51",140.33,,19,129,3,104
Voiture,2018-04-05,2008-8-5,"36290.27",293.44,,17,115,3,105
Voiture,2016-03-02,2015-8-11,"57396.73",279.13,,21,106,3,119
Voiture,2016-09-12,2016-8-5,"94361.98",116.16,,25,119,3,126
Voiture,2017-10-20,2025-8-7,"74543.49",92.28,,3,134,3,117
Voiture,2017-08-08,,"71923.34",,,,123,3,120
Voiture,2018-01-07,,"29395.69",,,,138,3,113
Voiture,2017-04-30,,"4019.02",,,,128,3,119
Voiture,2017-07-11,,"98668.91",,,,141,3,128
Voiture,2016-06-18,,"47389.46",,,,120,3,110
Voiture,2017-07-02,,"75765.73",,,,113,3,120
Voiture,2018-02-24,,"72974.20",,,,121,3,113
Voiture,2016-03-17,,"87392.61",,,,134,3,121
Voiture,2016-04-21,,"50438.90",,,,142,3,102
Voiture,2016-09-12,,"26467.70",,,,150,3,112
Voiture,2017-12-27,,"35550.10",,,,134,3,121
Voiture,2016-04-01,,"50891.23",,,,128,3,101
Voiture,2016-09-18,,"83805.95",,,,136,3,126
Voiture,2017-09-16,,"4850.66",,,,110,3,129
Voiture,2016-10-03,,"2628.83",,,,149,3,111
Voiture,2016-09-23,,"58735.35",,,,133,3,121
Voiture,2018-01-30,,"48194.74",,,,121,3,111
Voiture,2016-11-24,2006-5-30,"41503.45",122.80,,25,132,3,113
Voiture,2018-04-06,2024-8-12,"83164.02",166.05,,1,123,3,100
Voiture,2016-11-09,2020-8-9,"51021.99",79.79,,29,115,3,126
Voiture,2017-09-25,2020-9-3,"13200.57",71.01,Volkswagen vintage!!! Ne manquez pas votre chance. Seulement pour 13 000.,26,121,3,107
Voiture,2017-01-07,2002-8-6,"62109.16",285.06,,15,128,3,118
Voiture,2017-10-25,2021-1-7,"16530.64",162.57,,11,109,3,111
Voiture,2018-02-16,2011-8-12,"76382.81",252.52,,21,103,3,121
Voiture,2017-11-04,2015-9-2,"33874.63",130.91,,21,149,3,105
Voiture,2016-03-25,2002-1-8,"99758.46",242.62,,4,108,3,130
Voiture,2017-02-24,2002-8-6,"59345.75",132.46,,18,103,3,116
Voiture,2016-05-21,2015-8-7,"66016.47",85.58,,24,122,3,130
Voiture,2016-10-11,2015-8-5,"56124.65",59.50,,2,149,3,106
Voiture,2018-02-12,,"94789.60",,,,149,3,107
Voiture,2018-01-17,,"10499.70",,,,134,3,129
Voiture,2018-01-01,,"34484.05",,,,106,3,129
Voiture,2016-04-27,,"17649.61",,,,144,3,114
Voiture,2017-05-27,,"46842.59",,,,120,3,108
Voiture,2018-02-03,,"56773.17",,,,112,3,101
Voiture,2017-09-14,,"74669.49",,,,103,3,103
Voiture,2016-10-15,,"49091.10",,,,121,3,112
Voiture,2017-02-17,,"13049.09",,,,113,3,123
Voiture,2016-08-25,,"99041.39",,,,127,3,128
Voiture,2017-12-29,,"94844.64",,,,147,3,104
Voiture,2016-10-31,,"64243.18",,,,117,3,118
Voiture,2017-02-15,,"75279.19",,,,133,3,104
Voiture,2017-01-01,,"57492.74",,,,120,3,115
Voiture,2018-04-01,,"29572.00",,,,150,3,119
Voiture,2016-07-08,,"81675.12",,,,125,3,102
Voiture,2017-01-26,,"30106.72",,,,142,3,106
Voiture,2018-01-30,,"35441.15",,,,145,3,128
Voiture,2016-09-25,,"40351.30",,,,131,3,106
Voiture,2016-04-20,2012-8-11,"96554.93",133.82,,29,115,3,116
Voiture,2016-12-09,2015-8-12,"52572.41",196.00,,16,130,3,127
Livre,2016-07-19,,11.74,,"Le meilleur livre qui n'a jamais existé Il vous ouvre les yeux sur la réalité de notre société controlante. Bon état, très cheap. You know you want it.",,478,4,201
Livre,2017-12-27,,10.82,,,,472,4,185
Livre,2017-04-20,,22.16,,,,465,4,217
Livre,2017-06-26,,79.27,,,,455,4,176
Livre,2018-03-19,2007-1-6,109.90,1.00,,,438,4,172
Livre,2017-06-23,,29.52,,,,123,4,194
Livre,2016-03-05,,140.84,,,,490,4,221
Livre,2017-12-11,,85.32,,,,408,4,154
Livre,2016-08-26,,112.92,,,,402,4,202
Livre,2018-01-21,,52.31,,,,474,4,213
Livre,2018-02-19,,94.80,,,,417,4,228
Livre,2018-02-03,,36.91,,,,406,4,205
Livre,2016-09-10,,142.50,,Big brother is watching you.,,487,4,197
Livre,2017-11-18,,18.03,,,,452,4,167
Livre,2016-11-12,,28.16,,,,451,4,204
Livre,2017-06-05,,144.65,,,,433,4,162
Livre,2016-03-17,,101.88,,,,435,4,166
Livre,2016-07-07,,83.69,,,,123,4,198
Livre,2017-07-11,2014-8-12,145.20,5,"Si tu n'as jamais lu le Seigneur des Anneaux, là est le moment. Un livre époustouflant, magique, intelligent, complexe et très bien écrit. Je le vends car j'ai besoin un peu de cash, mais yest en super bon état.",,425,4,160
Livre,2017-01-06,,125.81,,,,458,4,180
Livre,2016-05-10,,2.15,,,,402,4,152
Livre,2017-02-26,,73.75,,,,445,4,170
Livre,2017-08-24,,42.21,,,,432,4,185
Livre,2016-06-20,2014-1-10,107.35,5,,,437,4,180
Livre,2016-12-18,,21.79,,,,455,4,192
Livre,2016-03-28,,17.82,,,,496,4,168
Livre,2017-04-23,,7.11,,,,489,4,197
Livre,2016-12-11,,16.37,,,,432,4,179
Livre,2017-01-24,,114.94,,,,492,4,154
Livre,2017-06-11,2029-1-12,119.63,1,,,438,4,159
Livre,2016-04-04,,46.99,,,,493,4,165
Livre,2016-06-07,,69.21,,,,427,4,217
Livre,2016-04-07,,30.85,,,,493,4,196
Livre,2017-11-03,,25.54,,,,427,4,165
Livre,2017-06-03,,30.39,,,,416,4,155
Livre,2016-05-27,,20.78,,,,444,4,213
Livre,2017-09-03,,45.89,,,,420,4,188
Livre,2017-04-12,,17.49,,,,455,4,176
Livre,2016-11-26,,3.16,,,,444,4,161
Livre,2016-09-25,,140.16,,,,495,4,168
Livre,2017-08-22,,29.29,,,,449,4,229
Livre,2017-05-03,,142.36,,,,469,4,223
Livre,2017-12-03,,28.38,,,,413,4,166
Livre,2016-11-27,,108.16,,,,494,4,177
Livre,2018-04-04,,103.50,,"Si t'aimes les tigres, la solitude, l'océan, et une bon twist à la fin, t mieux d'acheter ce roman. Yen vaut la peine.",,413,4,193
Livre,2017-08-06,,16.93,,,,461,4,208
Livre,2018-02-25,,77.95,,,,425,4,164
Livre,2017-08-17,,119.87,,,,493,4,184
Livre,2016-09-11,,138.86,,,,474,4,228
Livre,2018-01-09,,93.15,,,,424,4,159
Livre,2017-03-15,,21.19,,,,434,4,210
Livre,2017-05-04,,102.07,,,,436,4,195
Livre,2017-01-16,,42.38,,,,402,4,217
Livre,2016-05-18,,137.58,,,,437,4,154
Roman,2017-02-19,,73.28,,,,404,4,166
Livre,2016-05-05,,74.31,,,,448,4,197
Livre,2017-12-08,,38.73,,,,436,4,211
Livre,2017-04-10,,76.29,,,,408,4,222
Livre,2017-08-14,,111.90,,,,493,4,167
Livre,2017-11-29,,75.87,,,,474,4,200
Livre,2017-10-27,,0.20,,,,441,4,193
Livre,2017-11-25,,32.61,,,,429,4,190
Livre,2016-09-01,,93.41,,,,471,4,227
Roman,2016-04-12,,102.99,,,,422,4,197
Livre,2016-06-20,,30.53,,,,446,4,221
Livre,2018-01-11,,40.06,,,,463,4,204
Livre,2016-04-16,,98.83,,,,123,4,180
Roman,2017-08-07,,49.47,,,,411,4,217
Livre,2017-07-27,,27.12,,,,489,4,178
Livre,2016-09-18,,48.62,,,,414,4,214
Livre,2016-07-10,,87.57,,,,479,4,207
Livre,2018-01-29,,14.96,,,,420,4,180
Livre,2017-12-03,,38.94,,,,446,4,204
Livre,2017-09-26,,111.71,,,,492,4,228
Livre,2016-04-20,,141.25,,,,465,4,202
Livre,2017-06-21,,93.74,,,,435,4,211
Livre,2017-06-14,,99.23,,,,495,4,187
Roman,2016-11-26,,32.13,,,,410,4,210
Livre,2016-09-12,,50.88,,,,487,4,200
Livre,2017-09-23,,139.75,,,,466,4,188
Livre,2016-11-02,,23.38,,Une aventure qui vous donnera envie de partir tout de suite s'aventurer dans la nature. Livre en très bon état avec la signature de l'auteur à l'intérieur.,,405,4,226
Livre,2017-11-08,,14.65,,,,412,4,214
Livre,2016-12-28,,105.29,,,,490,4,213
Livre,2018-02-08,,58.48,,,,481,4,159
Livre,2016-03-08,,103.04,,,,421,4,172
Livre,2017-07-19,,129.23,,,,420,4,227
Livre,2017-10-19,,138.95,,,,436,4,199
Livre,2016-05-03,,142.58,,,,434,4,182
Livre,2016-05-01,,14.32,,,,471,4,209
Livre,2016-08-28,,60.43,,This book is amazing. Waaaay better than the movie.,,453,4,162
Livre,2016-10-06,,95.25,,,,472,4,197
Livre,2018-02-12,,104.20,,,,419,4,212
Livre,2017-11-30,,123.73,,,,491,4,195
Livre,2017-10-25,,50.57,,,,422,4,184
Livre,2016-04-23,,143.21,,,,425,4,227
Livre,2016-07-29,,8.50,,,,483,4,193
Livre,2017-12-25,,29.26,,,,414,4,184
Livre,2016-06-30,,7.91,,"Good book if you want some sexy time with yourself without watching porn. But no worries, the book is clean and as good as new.",,454,4,172
Souliers,2017-08-13,,91.67,,Beaux souliers presque pas utilisés. Top qualité. Prix initial: 200. Satisfaction garantie.,,14,5,475
Vêtement,2017-04-21,,60.48,,,,89,5,311
Vêtement,2017-03-25,,51.32,,,,44,5,200
Pantalons,2018-03-02,,35.60,,,,23,5,310
Hoodie,2018-02-02,,96.31,,,,86,5,408
Sandales,2016-07-17,,66.70,,,,66,5,133
Souliers,2016-12-22,,89.78,,,,22,5,282
Vêtement,2017-02-23,,15.25,,,,54,5,236
Vêtement,2017-01-06,,12.81,,,,90,5,479
Vêtement,2016-08-29,,65.18,,,,09,5,246
Vêtement,2016-07-14,,81.52,,,,11,5,473
Vêtement,2017-01-02,,79.90,,Hoodie tellement confortable que tu vas te sentir comme carressé par un nuage de douceur.,,03,5,248
Souliers,2017-05-23,,91.53,,,,59,5,256
Vêtement,2017-02-03,,42.71,,,,28,5,485
Vêtement,2017-01-24,,24.25,,,,02,5,482
Vêtement,2016-03-06,,53.72,,,,24,5,273
Vêtement,2016-12-02,,19.13,,,,03,5,299
Vêtement,2018-02-27,,17.81,,,,40,5,131
Vêtement,2017-06-06,,67.44,,,,18,5,413
Vêtement,2017-10-15,,26.05,,,,41,5,248
Vêtement,2016-03-09,,32.50,,,,19,5,216
Souliers,2017-04-23,,29.42,,,,02,5,109
Vêtement,2017-12-17,,68.28,,,,79,5,392
Vêtement,2017-07-15,,88.33,,,,25,5,211
Vêtement,2018-01-22,,15.56,,"Hoodie en jeans. Du jamais vu. En plus, vraiment pas cher pour la qualité!!!",,68,5,201
Vêtement,2016-11-11,,76.57,,,,53,5,320
Souliers,2016-09-21,,23.94,,,,14,5,186
Souliers extra cheap,2016-12-21,,1.49,,,,98,5,167
Souliers,2017-09-30,,8.75,,,,55,5,106
Vêtement,2016-07-06,,72.27,,,,35,5,425
Vêtement,2017-10-31,,1.59,,,,65,5,297
Vêtement,2017-05-11,,51.43,,,,53,5,346
Vêtement,2017-09-01,,2.06,,,,07,5,417
Souliers,2017-12-30,,33.88,,,,18,5,419
Vêtement,2016-04-23,,45.65,,,,10,5,330
Vêtement,2016-05-27,,8.57,,,,41,5,350
Vêtement,2016-03-11,,2.03,,,,82,5,123
Vêtement,2017-10-27,,16.77,,,,02,5,210
Vêtement,2017-08-07,,96.25,,,,98,5,247
Vêtement,2018-01-17,,79.91,,,,93,5,369
Vêtement,2016-06-22,,34.11,,,,39,5,204
Vêtement,2017-02-25,,24.01,,,,29,5,235
Vêtement,2017-11-19,,48.38,,,,95,5,277
Vêtement,2016-06-10,,81.16,,,,82,5,401
Souliers,2018-03-29,,17.31,,,,70,5,379
Sandales,2018-02-01,,77.52,,,,33,5,349
Vêtement,2016-10-01,,26.81,,,,38,5,147
Souliers,2017-05-29,,69.11,,,,54,5,129
Vêtement,2017-05-28,,20.10,,,,26,5,485
Vêtement,2016-05-01,,16.13,,,,64,5,347
Vêtement,2018-02-16,,24.79,,,,34,5,204
Vêtement,2016-07-12,,82.24,,,,31,5,161
Vêtement,2016-03-02,,22.95,,,,02,5,208
Vêtement,2017-07-05,,5.95,,,,40,5,383
Vêtement,2016-09-06,,76.10,,,,61,5,192
Bottes,2017-01-02,,59.93,,,,69,5,395
Sandales,2016-05-27,,29.89,,,,99,5,243
Vêtement,2017-03-05,,85.55,,Tu veux une chemise rouge tellement fluo que l'aveuglement causé à tout ceux qui vont essayer de te regarder va te rendre invincible.,,74,5,237
Espadrilles,2016-04-15,,18.17,,,,73,5,283
Vêtement,2016-08-14,,56.29,,,,80,5,241
Vêtement,2017-01-12,,18.54,,,,66,5,329
Vêtement,2017-06-15,,88.75,,,,66,5,385
Vêtement,2016-04-21,,80.14,,,,65,5,185
Vêtement,2017-05-09,,6.04,,,,74,5,307
Bottes,2018-01-10,,69.11,,,,89,5,134
Vêtement,2016-03-26,,49.65,,,,84,5,255
Vêtement,2018-01-11,,64.98,,Veux tu nager dans la mer tel un petit canari tout mignon? Tu as la possibilité de faire cela avec ce magnifique maillot de bain édition limitée,,02,5,408
Souliers,2017-10-22,,58.42,,,,66,5,279
Vêtement,2017-10-19,,4.18,,,,64,5,493
Vêtement,2016-04-10,,43.59,,,,06,5,499
Vêtement,2016-12-13,,20.85,,,,05,5,237
Vêtement,2018-04-05,,75.42,,,,21,5,336
Souliers,2017-05-03,,27.83,,,,67,5,195
Vêtement,2016-03-14,,26.90,,,,23,5,361
Vêtement,2017-04-06,,42.92,,,,13,5,496
Vêtement,2018-01-02,,4.51,,,,36,5,170
Vêtement,2016-12-14,,13.16,,,,82,5,331
Vêtement,2017-01-31,,87.12,,,,63,5,118
Vêtement,2016-12-16,,63.52,,,,83,5,453
Vêtement,2017-07-19,,6.37,,,,08,5,341
Vêtement,2016-04-18,,49.86,,,,78,5,360
Vêtement,2016-05-03,,32.05,,,,41,5,201
Vêtement,2016-05-10,,55.31,,,,51,5,378
Vêtement,2017-11-17,,69.05,,,,92,5,170
Vêtement,2016-12-09,,23.17,,,,02,5,145
Vêtement,2017-04-09,,50.65,,,,08,5,259
Vêtement,2017-02-04,,27.57,,"As-tu toujours rêvé d'être aussi flash et cool qu'un brigadier scolaire ou une personne de la construction, ou bien comme un cycliste modèle portant son dossard fluo? Eh bien maintenant tu as la chance grâce à ce manteau incroybale qui va te faire briller comme une étoile.",,57,5,262
Vêtement,2016-08-02,,45.19,,,,78,5,341
Vêtement,2017-05-15,,27.08,,,,61,5,260
Vêtement,2018-03-13,,75.01,,,,74,5,388
Vêtement,2017-03-21,,47.96,,,,84,5,249
Vêtement,2017-11-27,,67.59,,,,59,5,266
Vêtement,2016-05-03,,97.75,,,,17,5,259
Souliers,2017-12-03,,42.88,,,,87,5,295
Bottes,2018-01-16,,39.73,,,,10,5,435
Bottes,2016-06-09,,73.96,,,,62,5,248
Vêtement,2017-09-08,,93.26,,,,60,5,154
Vêtement,2016-08-11,,79.24,,"Shorts top qualité Une fois portées, ils te transportent dans un autre univers. L'espace et le temps ne font plus de sens, le monde fonctionne de façon inimagineable. Toute une expérience vous attend!!!",,31,5,395
Vêtement,2017-04-23,,39.73,,,,93,5,177
Vêtement,2017-07-23,,91.68,,,,68,5,387
